-- Inserts para categorias
insert into categorias (nome) values
('Eletrônicos'),
('Roupas'),
('Livros'),
('Alimentos'),
('Beleza'),
('Esportes'),
('Casa e Jardim'),
('Brinquedos'),
('Música'),
('Informática'),
('Ferramentas'),
('Automotivo'),
('Saúde'),
('Papelaria'),
('Pet Shop'),
('Telefonia'),
('Moda Infantil'),
('Calçados'),
('Relógios'),
('Decoração');

-- Inserts para produtos
insert into produtos (nome, descricao, preco, quantidade_estoque, categoria_id) values
('Smartphone X', 'Smartphone com tela de 6.5 polegadas e 128GB', 1999.99, 50, 1),
('Camiseta Básica', 'Camiseta 100% algodão, disponível em várias cores', 39.90, 200, 2),
('Livro de Programação', 'Aprenda Python do básico ao avançado', 89.90, 120, 3),
('Chocolate Amargo 70%', 'Barra de chocolate 70% cacau', 12.50, 300, 4),
('Creme Hidratante', 'Hidratante para pele seca', 45.00, 75, 5),
('Bola de Futebol Oficial', 'Bola tamanho 5 para jogos oficiais', 150.00, 40, 6),
('Vaso Decorativo', 'Vaso para plantas com design moderno', 79.90, 30, 7),
('Carrinho de Controle Remoto', 'Brinquedo para crianças a partir de 6 anos', 199.99, 25, 8),
('CD Banda X', 'Álbum oficial da Banda X', 25.00, 100, 9),
('Notebook Gamer', 'Notebook com placa gráfica dedicada', 4500.00, 15, 10),
('Kit Ferramentas', 'Conjunto de ferramentas básicas para casa', 299.90, 50, 11),
('Óleo para Motor', 'Óleo sintético para motor 5W30', 120.00, 60, 12),
('Suplemento Vitamínico', 'Multivitamínico para adultos', 89.99, 80, 13),
('Caderno Universitário', 'Caderno espiral com 100 folhas', 14.90, 150, 14),
('Ração para Cães', 'Ração premium para cães adultos', 179.90, 90, 15),
('Fone de Ouvido', 'Fone Bluetooth com cancelamento de ruído', 399.90, 70, 16),
('Macacão Infantil', 'Roupa confortável para bebês', 79.90, 60, 17),
('Tênis Esportivo', 'Tênis para corrida com amortecimento', 250.00, 80, 18),
('Relógio de Pulso', 'Relógio analógico com pulseira de couro', 320.00, 40, 19),
('Abajur de Mesa', 'Abajur com design vintage', 120.00, 35, 20);

-- Inserts para usuarios
insert into usuarios (nome, email, senha) values
('Ana Silva', 'ana.silva@email.com', 'senha123'),
('Bruno Costa', 'bruno.costa@email.com', 'senha123'),
('Carla Mendes', 'carla.mendes@email.com', 'senha123'),
('Daniel Souza', 'daniel.souza@email.com', 'senha123'),
('Eduarda Lima', 'eduarda.lima@email.com', 'senha123'),
('Felipe Santos', 'felipe.santos@email.com', 'senha123'),
('Gabriela Rocha', 'gabriela.rocha@email.com', 'senha123'),
('Henrique Alves', 'henrique.alves@email.com', 'senha123'),
('Isabela Pereira', 'isabela.pereira@email.com', 'senha123'),
('João Fernandes', 'joao.fernandes@email.com', 'senha123'),
('Karina Dias', 'karina.dias@email.com', 'senha123'),
('Lucas Barbosa', 'lucas.barbosa@email.com', 'senha123'),
('Mariana Silva', 'mariana.silva@email.com', 'senha123'),
('Nicolas Castro', 'nicolas.castro@email.com', 'senha123'),
('Olívia Torres', 'olivia.torres@email.com', 'senha123'),
('Paulo Martins', 'paulo.martins@email.com', 'senha123'),
('Quésia Ramos', 'quesia.ramos@email.com', 'senha123'),
('Rafael Gomes', 'rafael.gomes@email.com', 'senha123'),
('Sofia Costa', 'sofia.costa@email.com', 'senha123'),
('Thiago Fernandes', 'thiago.fernandes@email.com', 'senha123');

-- Inserts para pedidos
insert into pedidos (usuario_id, status, total) values
(1, 'espera', 299.90),
(2, 'rota_entrega', 120.00),
(3, 'entregue', 89.90),
(4, 'cancelado', 399.90),
(5, 'espera', 150.00),
(6, 'entregue', 250.00),
(7, 'rota_entrega', 320.00),
(8, 'espera', 79.90),
(9, 'entregue', 179.90),
(10, 'cancelado', 399.99),
(11, 'espera', 120.00),
(12, 'entregue', 89.90),
(13, 'rota_entrega', 150.00),
(14, 'espera', 250.00),
(15, 'entregue', 320.00),
(16, 'cancelado', 79.90),
(17, 'espera', 179.90),
(18, 'rota_entrega', 399.99),
(19, 'entregue', 120.00),
(20, 'espera', 89.90);

-- Inserts para itens_pedidos
insert into itens_pedidos (pedido_id, produto_id, quantidade) values
(1, 1, 1),
(1, 4, 2),
(2, 6, 1),
(3, 3, 1),
(4, 10, 1),
(5, 7, 2),
(6, 18, 1),
(7, 19, 1),
(8, 5, 1),
(9, 15, 2),
(10, 16, 1),
(11, 12, 1),
(12, 3, 2),
(13, 7, 1),
(14, 18, 1),
(15, 19, 1),
(16, 5, 1),
(17, 15, 1),
(18, 10, 1),
(19, 1, 2);

-- Inserts para pagamentos
insert into pagamentos (pedido_id, metodos_pagamento, status, valor_pagamento) values
(1, 'pix', 'completo', 299.90),
(2, 'cartao_credito', 'espera', 120.00),
(3, 'boleto', 'completo', 89.90),
(4, 'pix', 'falhou', 399.90),
(5, 'cartao_credito', 'completo', 150.00),
(6, 'pix', 'completo', 250.00),
(7, 'boleto', 'espera', 320.00),
(8, 'pix', 'completo', 79.90),
(9, 'cartao_credito', 'completo', 179.90),
(10, 'pix', 'falhou', 399.99),
(11, 'boleto', 'completo', 120.00),
(12, 'pix', 'completo', 89.90),
(13, 'cartao_credito', 'espera', 150.00),
(14, 'pix', 'completo', 250.00),
(15, 'boleto', 'completo', 320.00),
(16, 'cartao_credito', 'falhou', 79.90),
(17, 'pix', 'completo', 179.90),
(18, 'boleto', 'espera', 399.99),
(19, 'pix', 'completo', 120.00),
(20, 'cartao_credito', 'completo', 89.90);

-- Inserts para enderecos_entrega
insert into enderecos_entrega (usuario_id, pedido_id, endereco, cidade, estado, caixa_postal, pais) values
(1, 1, 'Rua A, 123', 'Currais Novos', 'Rio Grande do Norte', '59100-000', 'Brasil'),
(2, 2, 'Av. B, 456', 'Natal', 'Rio Grande do Norte', '59000-000', 'Brasil'),
(3, 3, 'Rua C, 789', 'São Paulo', 'São Paulo', '01000-000', 'Brasil'),
(4, 4, 'Av. D, 101', 'Rio de Janeiro', 'Rio de Janeiro', '20000-000', 'Brasil'),
(5, 5, 'Rua E, 202', 'Belo Horizonte', 'Minas Gerais', '30000-000', 'Brasil'),
(6, 6, 'Av. F, 303', 'Fortaleza', 'Ceará', '60000-000', 'Brasil'),
(7, 7, 'Rua G, 404', 'Recife', 'Pernambuco', '50000-000', 'Brasil'),
(8, 8, 'Av. H, 505', 'Porto Alegre', 'Rio Grande do Sul', '90000-000', 'Brasil'),
(9, 9, 'Rua I, 606', 'Salvador', 'Bahia', '40000-000', 'Brasil'),
(10, 10, 'Av. J, 707', 'Brasília', 'Distrito Federal', '70000-000', 'Brasil'),
(11, 11, 'Rua K, 808', 'Curitiba', 'Paraná', '80000-000', 'Brasil'),
(12, 12, 'Av. L, 909', 'Manaus', 'Amazonas', '69000-000', 'Brasil'),
(13, 13, 'Rua M, 111', 'Florianópolis', 'Santa Catarina', '88000-000', 'Brasil'),
(14, 14, 'Av. N, 222', 'Goiânia', 'Goiás', '74000-000', 'Brasil'),
(15, 15, 'Rua O, 333', 'Campo Grande', 'Mato Grosso do Sul', '79000-000', 'Brasil'),
(16, 16, 'Av. P, 444', 'João Pessoa', 'Paraíba', '58000-000', 'Brasil'),
(17, 17, 'Rua Q, 555', 'Natal', 'Rio Grande do Norte', '59000-000', 'Brasil'),
(18, 18, 'Av. R, 666', 'São Luís', 'Maranhão', '65000-000', 'Brasil'),
(19, 19, 'Rua S, 777', 'Belém', 'Pará', '66000-000', 'Brasil'),
(20, 20, 'Av. T, 888', 'Maceió', 'Alagoas', '57000-000', 'Brasil');